-- ============================================================================
-- SCMS Paper Insights - Sample Data
-- Author: Hiran Greening
-- Description: Populates all tables with realistic dummy data
-- Note: All data is fictional for demonstration purposes
-- ============================================================================

-- ============================================================================
-- Paper Data (83 papers)
-- ============================================================================
INSERT INTO `Paper` (`paper_id`, `paper_code`, `paper_name`) VALUES
(1, 'CS101', 'Introduction to Programming'),
(2, 'CS102', 'Object Oriented Programming'),
(3, 'CS103', 'Exploring Innovative Technologies'),
(4, 'CS104', 'Introduction to the Web'),
(5, 'CS105', 'Introduction to Digital Professional Skills'),
(6, 'CS201', 'Data Structures and Algorithms'),
(7, 'CS202', 'Mobile Computing and Software Architecture'),
(8, 'CS203', 'Computer Systems'),
(9, 'CS204', 'Practical Networking and Cyber Security'),
(10, 'CS205', 'Programming for Creative Industries'),
(11, 'CS206', 'Web Development'),
(12, 'CS207', 'Introduction to Databases and Web Development'),
(13, 'CS208', 'Computer Hardware and Microprocessors'),
(14, 'CS209', 'Systems and Networks'),
(15, 'CS210', 'Cybersecurity Engineering'),
(16, 'CS211', 'Software Engineering Design 1'),
(17, 'CS212', 'Software Engineering Design 2'),
(18, 'CS213', 'Applied Computing Tools 1'),
(19, 'CS214', 'Applied Computing Tools 2'),
(20, 'CS215', 'Introduction to Software Development Methodologies'),
(21, 'CS216', 'Technology and Complex Problems'),
(22, 'CS217', 'Directed Study'),
(23, 'CS301', 'Design and Analysis of Algorithms'),
(24, 'CS302', 'Advanced Networking and Cyber Security'),
(25, 'CS303', 'Principles of Programming Languages'),
(26, 'CS304', 'Machine Learning'),
(27, 'CS305', 'Mobile Computing and the Internet of Things'),
(28, 'CS306', 'Advanced Web Development'),
(29, 'CS307', 'Advanced Database Concepts'),
(30, 'CS308', 'User Experience Design'),
(31, 'CS309', 'Computer Vision'),
(32, 'CS310', 'Natural Language Processing'),
(33, 'CS311', 'Software Engineering Methods'),
(34, 'CS312', 'Applied Computational Methods'),
(35, 'CS313', 'Embedded Systems'),
(36, 'CS314', 'Logic and Computation'),
(37, 'CS315', 'Computational Mathematics'),
(38, 'CS316', 'Computer Science Work Placement'),
(39, 'CS317', 'Software Engineering Industry Projects'),
(40, 'CS318', 'Directed Study'),
(41, 'CS319', 'Work Integrated Learning Directed Study'),
(42, 'CS320', 'Work Integrated Learning Directed Study'),
(43, 'CS401', 'Malware Analysis'),
(44, 'CS402', 'Cyber Security Operations'),
(45, 'CS403', 'Security for Advanced Networks'),
(46, 'CS404', 'Vulnerability Analysis and Exploitation'),
(47, 'CS405', 'Cyber Security'),
(48, 'CS406', 'Malware Analysis and Penetration Testing'),
(49, 'CS407', 'Dissertation'),
(50, 'CS408', 'Interpretable Machine Learning'),
(51, 'CS409', 'Machine Learning for Data Streams'),
(52, 'CS410', 'Deep Learning'),
(53, 'CS411', 'Engineering Interactive Medical Systems'),
(54, 'CS412', 'Secure Cloud Application Engineering'),
(55, 'CS413', 'Information Visualisation'),
(56, 'CS414', 'Extremely Parallel Programming'),
(57, 'CS415', 'Usability Engineering'),
(58, 'CS416', 'Graph Theory'),
(59, 'CS417', 'Specification Languages and Models'),
(60, 'CS418', 'Bioinformatics'),
(61, 'CS419', 'Turing Topics in Computer Science'),
(62, 'CS420', 'Programming with Web Technologies'),
(63, 'CS421', 'Advanced Computational Mathematics'),
(64, 'CS422', 'Programming for Industry'),
(65, 'CS423', 'Open Source Software Project'),
(66, 'CS424', 'Programming Tools and Techniques'),
(67, 'CS425', 'Programming Project'),
(68, 'CS426', 'Report of an Investigation'),
(69, 'CS427', 'Research Methods'),
(70, 'CS428', 'Preparation for Research in Computer Science'),
(71, 'CS429', 'Foundations in Computing and Mathematical Sciences'),
(72, 'CS430', 'Introduction to Cyber Security'),
(73, 'CS431', 'Cultural Perspectives for Computing and Mathematical Sciences'),
(74, 'CS432', 'Visual Data Communication'),
(75, 'CS433', 'Preparing for the Internship'),
(76, 'CS434', 'Computer Science Internship'),
(77, 'DATA101', 'Statistics for Science'),
(78, 'DATA102', 'Introduction to Statistical Methods'),
(79, 'ENG101', 'Engineering Computing 1'),
(80, 'ENG102', 'Engineering Computing 2'),
(81, 'MATH101', 'Discrete Structures'),
(82, 'MATH102', 'General Mathematics'),
(83, 'MATH103', 'Preparatory Maths');

-- ============================================================================
-- Staff Data (37 staff members)
-- ============================================================================
INSERT INTO `Staff` (`staff_id`, `name`, `role`) VALUES
(1, 'Alex Morgan', 'Lecturer'),
(2, 'Jamie Chen', 'Lecturer'),
(3, 'Samira Khan', 'Lecturer'),
(4, 'Taylor Reed', 'Lecturer'),
(5, 'Jordan Ellis', 'Lecturer'),
(6, 'Casey Wong', 'Lecturer'),
(7, 'Morgan Black', 'Lecturer'),
(8, 'Riley Smith', 'Lecturer'),
(9, 'Avery Johnson', 'Lecturer'),
(10, 'Quinn Zhang', 'Lecturer'),
(11, 'Sage Miller', 'Lecturer'),
(12, 'Blair Davis', 'Lecturer'),
(13, 'Rowan Brown', 'Lecturer'),
(14, 'Finley Wilson', 'Lecturer'),
(15, 'Skyler Garcia', 'Lecturer'),
(16, 'Indigo Patel', 'Lecturer'),
(17, 'Arden White', 'Lecturer'),
(18, 'Emery Thomas', 'Lecturer'),
(19, 'Linden Clark', 'Lecturer'),
(20, 'Wren Lewis', 'Lecturer'),
(21, 'Ashton Lee', 'Lecturer'),
(22, 'Hollis Walker', 'Lecturer'),
(23, 'Darcy Hall', 'Lecturer'),
(24, 'Remy Young', 'Lecturer'),
(25, 'Ellis King', 'Lecturer'),
(26, 'Frankie Scott', 'Lecturer'),
(27, 'Reese Adams', 'Tutor'),
(28, 'Cameron Baker', 'Lecturer'),
(29, 'Jules Gonzalez', 'Lecturer'),
(30, 'Parker Nelson', 'Lecturer'),
(31, 'Shane Carter', 'Tutor'),
(32, 'Charlie Mitchell', 'Tutor'),
(33, 'Jessie Perez', 'Tutor'),
(34, 'Robin Roberts', 'Lecturer'),
(35, 'Dakota Turner', 'Lecturer'),
(37, 'Kennedy Phillips', 'Tutor');

-- ============================================================================
-- Occurrence Data (723 occurrences - each paper/year/trimester once)
-- ============================================================================
INSERT INTO `Occurrence` (`occurrence_id`, `paper_id`, `year`, `trimester`, `num_students`, `pass_rate`) VALUES
(1, 50, 2023, 'B', 13, 92.00),
(2, 37, 2023, 'B', 5, 100.00),
(6, 1, 2023, 'B', 91, 66.00),
(18, 18, 2023, 'B', 5, 100.00),
(19, 19, 2023, 'B', 5, 80.00),
(26, 26, 2023, 'B', 85, 88.00),
(27, 16, 2023, 'A', 24, 95.00),
(28, 6, 2023, 'A', 23, 89.00),
(29, 7, 2023, 'B', 103, 91.00),
(30, 17, 2023, 'B', 21, 95.00),
(33, 66, 2023, 'B', 54, 83.00),
(34, 36, 2023, 'B', 35, 87.00),
(37, 1, 2021, 'A', 85, 68.24),
(38, 1, 2021, 'B', 88, 65.91),
(39, 1, 2022, 'A', 92, 66.30),
(40, 1, 2022, 'B', 89, 67.42),
(42, 1, 2024, 'A', 95, 69.47),
(43, 1, 2024, 'B', 93, 70.97),
(44, 1, 2025, 'A', 90, 71.11),
(45, 1, 2025, 'B', 94, 68.09),
(46, 2, 2021, 'A', 22, 90.91),
(47, 2, 2021, 'B', 20, 95.00),
(48, 2, 2022, 'A', 25, 88.00),
(49, 2, 2022, 'B', 23, 91.30),
(50, 2, 2023, 'A', 24, 89.58),
(51, 2, 2024, 'A', 26, 92.31),
(52, 2, 2024, 'B', 24, 91.67),
(53, 2, 2025, 'A', 23, 91.30),
(54, 2, 2025, 'B', 25, 88.00),
(55, 3, 2021, 'A', 45, 82.22),
(56, 3, 2021, 'B', 42, 85.71),
(57, 3, 2022, 'A', 48, 81.25),
(58, 3, 2022, 'B', 46, 82.61),
(59, 3, 2023, 'A', 44, 84.09),
(60, 3, 2024, 'A', 50, 80.00),
(61, 3, 2024, 'B', 47, 82.98),
(62, 3, 2025, 'A', 43, 83.72),
(63, 3, 2025, 'B', 49, 81.63),
(64, 4, 2021, 'B', 15, 100.00),
(65, 4, 2022, 'B', 17, 94.12),
(66, 4, 2023, 'B', 16, 93.75),
(67, 4, 2024, 'B', 18, 94.44),
(68, 4, 2025, 'B', 16, 93.75),
(69, 5, 2021, 'B', 12, 100.00),
(70, 5, 2022, 'B', 14, 92.86),
(71, 5, 2023, 'B', 13, 92.31),
(72, 5, 2024, 'B', 15, 93.33),
(73, 5, 2025, 'B', 14, 92.86),
(74, 6, 2021, 'A', 21, 95.24),
(75, 6, 2021, 'B', 23, 91.30),
(76, 6, 2022, 'A', 24, 91.67),
(77, 6, 2022, 'B', 22, 95.45),
(78, 6, 2023, 'B', 23, 89.13),
(79, 6, 2024, 'A', 25, 92.00),
(80, 6, 2024, 'B', 24, 91.67),
(81, 6, 2025, 'A', 22, 95.45),
(82, 6, 2025, 'B', 26, 88.46),
(83, 7, 2021, 'A', 98, 92.86),
(84, 7, 2021, 'B', 101, 91.09),
(85, 7, 2022, 'A', 105, 89.52),
(86, 7, 2022, 'B', 102, 90.20),
(88, 7, 2024, 'A', 108, 88.89),
(89, 7, 2024, 'B', 104, 90.38),
(90, 7, 2025, 'A', 100, 92.00),
(91, 7, 2025, 'B', 106, 89.62),
(92, 8, 2021, 'A', 28, 89.29),
(93, 8, 2021, 'B', 26, 92.31),
(94, 8, 2022, 'A', 30, 86.67),
(95, 8, 2022, 'B', 29, 89.66),
(96, 8, 2023, 'A', 27, 92.59),
(97, 8, 2024, 'A', 31, 87.10),
(98, 8, 2024, 'B', 28, 92.86),
(99, 8, 2025, 'A', 29, 89.66),
(100, 8, 2025, 'B', 30, 86.67),
(101, 9, 2021, 'A', 80, 90.00),
(102, 9, 2021, 'B', 82, 89.02),
(103, 9, 2022, 'A', 85, 88.24),
(104, 9, 2022, 'B', 83, 89.16),
(105, 9, 2023, 'A', 84, 89.29),
(106, 9, 2024, 'A', 88, 86.36),
(107, 9, 2024, 'B', 86, 88.37),
(108, 9, 2025, 'A', 82, 90.24),
(109, 9, 2025, 'B', 87, 87.36),
(110, 10, 2021, 'B', 8, 100.00),
(111, 10, 2022, 'B', 10, 90.00),
(112, 10, 2023, 'B', 9, 88.89),
(113, 10, 2024, 'B', 11, 90.91),
(114, 10, 2025, 'B', 10, 90.00),
(115, 11, 2021, 'A', 18, 100.00),
(116, 11, 2021, 'B', 20, 95.00),
(117, 11, 2022, 'A', 22, 90.91),
(118, 11, 2022, 'B', 19, 94.74),
(119, 11, 2023, 'A', 21, 95.24),
(120, 11, 2024, 'A', 23, 86.96),
(121, 11, 2024, 'B', 20, 95.00),
(122, 11, 2025, 'A', 21, 95.24),
(123, 11, 2025, 'B', 22, 90.91),
(124, 12, 2021, 'B', 40, 85.00),
(125, 12, 2022, 'B', 42, 83.33),
(126, 12, 2023, 'B', 41, 85.37),
(127, 12, 2024, 'B', 44, 81.82),
(128, 12, 2025, 'B', 43, 83.72),
(129, 13, 2021, 'A', 25, 92.00),
(130, 13, 2021, 'B', 27, 88.89),
(131, 13, 2022, 'A', 26, 92.31),
(132, 13, 2022, 'B', 24, 95.83),
(133, 13, 2023, 'A', 28, 89.29),
(134, 13, 2024, 'A', 25, 92.00),
(135, 13, 2024, 'B', 27, 88.89),
(136, 13, 2025, 'A', 26, 92.31),
(137, 13, 2025, 'B', 28, 89.29),
(138, 14, 2021, 'A', 20, 95.00),
(139, 14, 2021, 'B', 22, 90.91),
(140, 14, 2022, 'A', 21, 95.24),
(141, 14, 2022, 'B', 23, 86.96),
(142, 14, 2023, 'A', 19, 94.74),
(143, 14, 2024, 'A', 22, 90.91),
(144, 14, 2024, 'B', 21, 95.24),
(145, 14, 2025, 'A', 20, 95.00),
(146, 14, 2025, 'B', 23, 86.96),
(147, 15, 2021, 'A', 19, 94.74),
(148, 15, 2021, 'B', 21, 95.24),
(149, 15, 2022, 'A', 20, 95.00),
(150, 15, 2022, 'B', 18, 100.00),
(151, 15, 2023, 'A', 22, 90.91),
(152, 15, 2024, 'A', 21, 95.24),
(153, 15, 2024, 'B', 19, 94.74),
(154, 15, 2025, 'A', 20, 95.00),
(155, 15, 2025, 'B', 22, 90.91),
(156, 16, 2021, 'A', 22, 95.45),
(157, 16, 2021, 'B', 20, 100.00),
(158, 16, 2022, 'A', 24, 91.67),
(159, 16, 2022, 'B', 21, 95.24),
(161, 16, 2024, 'A', 23, 95.65),
(162, 16, 2024, 'B', 25, 92.00),
(163, 16, 2025, 'A', 22, 95.45),
(164, 16, 2025, 'B', 24, 91.67),
(165, 17, 2021, 'A', 20, 100.00),
(166, 17, 2021, 'B', 22, 95.45),
(167, 17, 2022, 'A', 18, 100.00),
(168, 17, 2022, 'B', 21, 95.24),
(170, 17, 2024, 'A', 23, 91.30),
(171, 17, 2024, 'B', 19, 94.74),
(172, 17, 2025, 'A', 20, 95.00),
(173, 17, 2025, 'B', 22, 90.91),
(174, 18, 2021, 'B', 6, 100.00),
(175, 18, 2022, 'B', 4, 100.00),
(177, 18, 2024, 'B', 7, 100.00),
(178, 18, 2025, 'B', 6, 100.00),
(179, 19, 2021, 'B', 4, 100.00),
(180, 19, 2022, 'B', 6, 100.00),
(182, 19, 2024, 'B', 7, 85.71),
(183, 19, 2025, 'B', 6, 83.33),
(184, 20, 2021, 'A', 15, 100.00),
(185, 20, 2021, 'B', 17, 94.12),
(186, 20, 2022, 'A', 16, 93.75),
(187, 20, 2022, 'B', 14, 100.00),
(188, 20, 2023, 'A', 18, 88.89),
(189, 20, 2024, 'A', 15, 100.00),
(190, 20, 2024, 'B', 16, 93.75),
(191, 20, 2025, 'A', 17, 94.12),
(192, 20, 2025, 'B', 15, 100.00),
(193, 21, 2021, 'A', 18, 100.00),
(194, 21, 2021, 'B', 20, 90.00),
(195, 21, 2022, 'A', 19, 94.74),
(196, 21, 2022, 'B', 17, 100.00),
(197, 21, 2023, 'A', 21, 85.71),
(198, 21, 2024, 'A', 18, 100.00),
(199, 21, 2024, 'B', 20, 90.00),
(200, 21, 2025, 'A', 19, 94.74),
(201, 21, 2025, 'B', 21, 85.71),
(202, 22, 2021, 'A', 2, 100.00),
(203, 22, 2021, 'B', 3, 100.00),
(204, 22, 2022, 'A', 1, 100.00),
(205, 22, 2022, 'B', 4, 100.00),
(206, 22, 2023, 'A', 3, 100.00),
(207, 22, 2024, 'A', 2, 100.00),
(208, 22, 2024, 'B', 1, 100.00),
(209, 22, 2025, 'A', 3, 100.00),
(210, 22, 2025, 'B', 2, 100.00),
(211, 23, 2021, 'A', 15, 93.33),
(212, 23, 2021, 'B', 17, 88.24),
(213, 23, 2022, 'A', 16, 93.75),
(214, 23, 2022, 'B', 14, 100.00),
(215, 23, 2023, 'A', 18, 88.89),
(216, 23, 2024, 'A', 15, 93.33),
(217, 23, 2024, 'B', 17, 88.24),
(218, 23, 2025, 'A', 16, 93.75),
(219, 23, 2025, 'B', 14, 100.00),
(220, 24, 2021, 'A', 18, 100.00),
(221, 24, 2021, 'B', 20, 90.00),
(222, 24, 2022, 'A', 19, 94.74),
(223, 24, 2022, 'B', 17, 100.00),
(224, 24, 2023, 'A', 21, 85.71),
(225, 24, 2024, 'A', 18, 100.00),
(226, 24, 2024, 'B', 20, 90.00),
(227, 24, 2025, 'A', 19, 94.74),
(228, 24, 2025, 'B', 21, 85.71),
(229, 25, 2021, 'A', 15, 100.00),
(230, 25, 2021, 'B', 17, 94.12),
(231, 25, 2022, 'A', 16, 93.75),
(232, 25, 2022, 'B', 14, 100.00),
(233, 25, 2023, 'A', 18, 88.89),
(234, 25, 2024, 'A', 15, 100.00),
(235, 25, 2024, 'B', 17, 94.12),
(236, 25, 2025, 'A', 16, 93.75),
(237, 25, 2025, 'B', 14, 100.00),
(238, 26, 2021, 'A', 80, 91.25),
(239, 26, 2021, 'B', 82, 89.02),
(240, 26, 2022, 'A', 85, 88.24),
(241, 26, 2022, 'B', 83, 89.16),
(242, 26, 2023, 'A', 84, 89.29),
(243, 26, 2024, 'A', 88, 86.36),
(244, 26, 2024, 'B', 86, 88.37),
(245, 26, 2025, 'A', 82, 90.24),
(246, 26, 2025, 'B', 87, 87.36),
(247, 27, 2021, 'A', 25, 92.00),
(248, 27, 2021, 'B', 27, 88.89),
(249, 27, 2022, 'A', 26, 92.31),
(250, 27, 2022, 'B', 24, 95.83),
(251, 27, 2023, 'A', 28, 89.29),
(252, 27, 2024, 'A', 25, 92.00),
(253, 27, 2024, 'B', 27, 88.89),
(254, 27, 2025, 'A', 26, 92.31),
(255, 27, 2025, 'B', 28, 89.29),
(256, 28, 2021, 'A', 18, 100.00),
(257, 28, 2021, 'B', 20, 90.00),
(258, 28, 2022, 'A', 19, 94.74),
(259, 28, 2022, 'B', 17, 100.00),
(260, 28, 2023, 'A', 21, 85.71),
(261, 28, 2024, 'A', 18, 100.00),
(262, 28, 2024, 'B', 20, 90.00),
(263, 28, 2025, 'A', 19, 94.74),
(264, 28, 2025, 'B', 21, 85.71),
(265, 29, 2021, 'B', 40, 85.00),
(266, 29, 2022, 'B', 42, 83.33),
(267, 29, 2023, 'B', 41, 85.37),
(268, 29, 2024, 'B', 44, 81.82),
(269, 29, 2025, 'B', 43, 83.72),
(270, 30, 2021, 'A', 20, 95.00),
(271, 30, 2021, 'B', 22, 90.91),
(272, 30, 2022, 'A', 21, 95.24),
(273, 30, 2022, 'B', 23, 86.96),
(274, 30, 2023, 'A', 19, 94.74),
(275, 30, 2024, 'A', 22, 90.91),
(276, 30, 2024, 'B', 21, 95.24),
(277, 30, 2025, 'A', 20, 95.00),
(278, 30, 2025, 'B', 23, 86.96),
(279, 31, 2021, 'A', 15, 100.00),
(280, 31, 2021, 'B', 17, 94.12),
(281, 31, 2022, 'A', 16, 93.75),
(282, 31, 2022, 'B', 14, 100.00),
(283, 31, 2023, 'A', 18, 88.89),
(284, 31, 2024, 'A', 15, 100.00),
(285, 31, 2024, 'B', 17, 94.12),
(286, 31, 2025, 'A', 16, 93.75),
(287, 31, 2025, 'B', 14, 100.00),
(288, 32, 2021, 'A', 18, 100.00),
(289, 32, 2021, 'B', 20, 90.00),
(290, 32, 2022, 'A', 19, 94.74),
(291, 32, 2022, 'B', 17, 100.00),
(292, 32, 2023, 'A', 21, 85.71),
(293, 32, 2024, 'A', 18, 100.00),
(294, 32, 2024, 'B', 20, 90.00),
(295, 32, 2025, 'A', 19, 94.74),
(296, 32, 2025, 'B', 21, 85.71),
(297, 33, 2021, 'A', 22, 95.45),
(298, 33, 2021, 'B', 20, 100.00),
(299, 33, 2022, 'A', 24, 91.67),
(300, 33, 2022, 'B', 21, 95.24),
(301, 33, 2023, 'A', 24, 95.83),
(302, 33, 2024, 'A', 23, 95.65),
(303, 33, 2024, 'B', 25, 92.00),
(304, 33, 2025, 'A', 22, 95.45),
(305, 33, 2025, 'B', 24, 91.67),
(306, 34, 2021, 'A', 15, 100.00),
(307, 34, 2021, 'B', 17, 94.12),
(308, 34, 2022, 'A', 16, 93.75),
(309, 34, 2022, 'B', 14, 100.00),
(310, 34, 2023, 'A', 18, 88.89),
(311, 34, 2024, 'A', 15, 100.00),
(312, 34, 2024, 'B', 17, 94.12),
(313, 34, 2025, 'A', 16, 93.75),
(314, 34, 2025, 'B', 14, 100.00),
(315, 35, 2021, 'A', 18, 100.00),
(316, 35, 2021, 'B', 20, 90.00),
(317, 35, 2022, 'A', 19, 94.74),
(318, 35, 2022, 'B', 17, 100.00),
(319, 35, 2023, 'A', 21, 85.71),
(320, 35, 2024, 'A', 18, 100.00),
(321, 35, 2024, 'B', 20, 90.00),
(322, 35, 2025, 'A', 19, 94.74),
(323, 35, 2025, 'B', 21, 85.71),
(324, 36, 2021, 'A', 30, 90.00),
(325, 36, 2021, 'B', 32, 87.50),
(326, 36, 2022, 'A', 35, 85.71),
(327, 36, 2022, 'B', 33, 87.88),
(329, 36, 2024, 'A', 38, 84.21),
(330, 36, 2024, 'B', 36, 86.11),
(331, 36, 2025, 'A', 32, 87.50),
(332, 36, 2025, 'B', 37, 86.49),
(333, 37, 2021, 'A', 12, 100.00),
(334, 37, 2021, 'B', 14, 92.86),
(335, 37, 2022, 'A', 15, 93.33),
(336, 37, 2022, 'B', 13, 92.31),
(337, 37, 2023, 'A', 11, 90.91),
(338, 37, 2024, 'A', 14, 92.86),
(339, 37, 2024, 'B', 12, 91.67),
(340, 37, 2025, 'A', 13, 92.31),
(341, 37, 2025, 'B', 15, 93.33),
(342, 38, 2021, 'A', 10, 100.00),
(343, 38, 2021, 'B', 12, 91.67),
(344, 38, 2022, 'A', 11, 90.91),
(345, 38, 2022, 'B', 9, 100.00),
(346, 38, 2023, 'A', 13, 84.62),
(347, 38, 2024, 'A', 10, 90.00),
(348, 38, 2024, 'B', 12, 91.67),
(349, 38, 2025, 'A', 11, 90.91),
(350, 38, 2025, 'B', 13, 84.62),
(351, 39, 2021, 'A', 8, 100.00),
(352, 39, 2021, 'B', 10, 90.00),
(353, 39, 2022, 'A', 9, 88.89),
(354, 39, 2022, 'B', 7, 100.00),
(355, 39, 2023, 'A', 11, 81.82),
(356, 39, 2024, 'A', 8, 100.00),
(357, 39, 2024, 'B', 10, 90.00),
(358, 39, 2025, 'A', 9, 88.89),
(359, 39, 2025, 'B', 11, 81.82),
(360, 40, 2021, 'A', 3, 100.00),
(361, 40, 2021, 'B', 5, 80.00),
(362, 40, 2022, 'A', 4, 75.00),
(363, 40, 2022, 'B', 2, 100.00),
(364, 40, 2023, 'A', 6, 66.67),
(365, 40, 2024, 'A', 3, 100.00),
(366, 40, 2024, 'B', 5, 80.00),
(367, 40, 2025, 'A', 4, 75.00),
(368, 40, 2025, 'B', 2, 100.00),
(369, 41, 2021, 'A', 2, 100.00),
(370, 41, 2021, 'B', 4, 75.00),
(371, 41, 2022, 'A', 3, 100.00),
(372, 41, 2022, 'B', 1, 100.00),
(373, 41, 2023, 'A', 5, 80.00),
(374, 41, 2024, 'A', 2, 100.00),
(375, 41, 2024, 'B', 4, 75.00),
(376, 41, 2025, 'A', 3, 100.00),
(377, 41, 2025, 'B', 1, 100.00),
(378, 42, 2021, 'A', 4, 75.00),
(379, 42, 2021, 'B', 6, 66.67),
(380, 42, 2022, 'A', 5, 80.00),
(381, 42, 2022, 'B', 3, 100.00),
(382, 42, 2023, 'A', 7, 71.43),
(383, 42, 2024, 'A', 4, 75.00),
(384, 42, 2024, 'B', 6, 66.67),
(385, 42, 2025, 'A', 5, 80.00),
(386, 42, 2025, 'B', 3, 100.00),
(387, 43, 2021, 'A', 15, 100.00),
(388, 43, 2021, 'B', 17, 94.12),
(389, 43, 2022, 'A', 16, 93.75),
(390, 43, 2022, 'B', 14, 100.00),
(391, 43, 2023, 'A', 18, 88.89),
(392, 43, 2024, 'A', 15, 100.00),
(393, 43, 2024, 'B', 17, 94.12),
(394, 43, 2025, 'A', 16, 93.75),
(395, 43, 2025, 'B', 14, 100.00),
(396, 44, 2021, 'A', 18, 100.00),
(397, 44, 2021, 'B', 20, 90.00),
(398, 44, 2022, 'A', 19, 94.74),
(399, 44, 2022, 'B', 17, 100.00),
(400, 44, 2023, 'A', 21, 85.71),
(401, 44, 2024, 'A', 18, 100.00),
(402, 44, 2024, 'B', 20, 90.00),
(403, 44, 2025, 'A', 19, 94.74),
(404, 44, 2025, 'B', 21, 85.71),
(405, 45, 2021, 'A', 12, 100.00),
(406, 45, 2021, 'B', 14, 92.86),
(407, 45, 2022, 'A', 15, 93.33),
(408, 45, 2022, 'B', 13, 92.31),
(409, 45, 2023, 'A', 11, 90.91),
(410, 45, 2024, 'A', 14, 92.86),
(411, 45, 2024, 'B', 12, 91.67),
(412, 45, 2025, 'A', 13, 92.31),
(413, 45, 2025, 'B', 15, 93.33),
(414, 46, 2021, 'A', 15, 100.00),
(415, 46, 2021, 'B', 17, 94.12),
(416, 46, 2022, 'A', 16, 93.75),
(417, 46, 2022, 'B', 14, 100.00),
(418, 46, 2023, 'A', 18, 88.89),
(419, 46, 2024, 'A', 15, 100.00),
(420, 46, 2024, 'B', 17, 94.12),
(421, 46, 2025, 'A', 16, 93.75),
(422, 46, 2025, 'B', 14, 100.00),
(423, 47, 2021, 'A', 20, 90.00),
(424, 47, 2021, 'B', 22, 86.36),
(425, 47, 2022, 'A', 25, 84.00),
(426, 47, 2022, 'B', 23, 86.96),
(427, 47, 2023, 'A', 21, 85.71),
(428, 47, 2024, 'A', 24, 87.50),
(429, 47, 2024, 'B', 22, 86.36),
(430, 47, 2025, 'A', 20, 90.00),
(431, 47, 2025, 'B', 23, 86.96),
(432, 48, 2021, 'A', 15, 100.00),
(433, 48, 2021, 'B', 17, 94.12),
(434, 48, 2022, 'A', 16, 93.75),
(435, 48, 2022, 'B', 14, 100.00),
(436, 48, 2023, 'A', 18, 88.89),
(437, 48, 2024, 'A', 15, 100.00),
(438, 48, 2024, 'B', 17, 94.12),
(439, 48, 2025, 'A', 16, 93.75),
(440, 48, 2025, 'B', 14, 100.00),
(441, 49, 2021, 'A', 8, 100.00),
(442, 49, 2021, 'B', 10, 90.00),
(443, 49, 2022, 'A', 9, 88.89),
(444, 49, 2022, 'B', 7, 100.00),
(445, 49, 2023, 'A', 11, 81.82),
(446, 49, 2024, 'A', 8, 100.00),
(447, 49, 2024, 'B', 10, 90.00),
(448, 49, 2025, 'A', 9, 88.89),
(449, 49, 2025, 'B', 7, 100.00),
(450, 50, 2021, 'A', 10, 100.00),
(451, 50, 2021, 'B', 12, 91.67),
(452, 50, 2022, 'A', 11, 90.91),
(453, 50, 2022, 'B', 9, 100.00),
(454, 50, 2023, 'A', 13, 84.62),
(455, 50, 2024, 'A', 10, 90.00),
(456, 50, 2024, 'B', 12, 91.67),
(457, 50, 2025, 'A', 11, 90.91),
(458, 50, 2025, 'B', 9, 100.00),
(459, 51, 2021, 'A', 15, 100.00),
(460, 51, 2021, 'B', 17, 94.12),
(461, 51, 2022, 'A', 16, 93.75),
(462, 51, 2022, 'B', 14, 100.00),
(463, 51, 2023, 'A', 18, 88.89),
(464, 51, 2024, 'A', 15, 100.00),
(465, 51, 2024, 'B', 17, 94.12),
(466, 51, 2025, 'A', 16, 93.75),
(467, 51, 2025, 'B', 14, 100.00),
(468, 52, 2021, 'A', 18, 100.00),
(469, 52, 2021, 'B', 20, 90.00),
(470, 52, 2022, 'A', 19, 94.74),
(471, 52, 2022, 'B', 17, 100.00),
(472, 52, 2023, 'A', 21, 85.71),
(473, 52, 2024, 'A', 18, 100.00),
(474, 52, 2024, 'B', 20, 90.00),
(475, 52, 2025, 'A', 19, 94.74),
(476, 52, 2025, 'B', 21, 85.71),
(477, 53, 2021, 'A', 12, 100.00),
(478, 53, 2021, 'B', 14, 92.86),
(479, 53, 2022, 'A', 15, 93.33),
(480, 53, 2022, 'B', 13, 92.31),
(481, 53, 2023, 'A', 11, 90.91),
(482, 53, 2024, 'A', 14, 92.86),
(483, 53, 2024, 'B', 12, 91.67),
(484, 53, 2025, 'A', 13, 92.31),
(485, 53, 2025, 'B', 15, 93.33),
(486, 54, 2021, 'A', 15, 100.00),
(487, 54, 2021, 'B', 17, 94.12),
(488, 54, 2022, 'A', 16, 93.75),
(489, 54, 2022, 'B', 14, 100.00),
(490, 54, 2023, 'A', 18, 88.89),
(491, 54, 2024, 'A', 15, 100.00),
(492, 54, 2024, 'B', 17, 94.12),
(493, 54, 2025, 'A', 16, 93.75),
(494, 54, 2025, 'B', 14, 100.00),
(495, 55, 2021, 'A', 18, 100.00),
(496, 55, 2021, 'B', 20, 90.00),
(497, 55, 2022, 'A', 19, 94.74),
(498, 55, 2022, 'B', 17, 100.00),
(499, 55, 2023, 'A', 21, 85.71),
(500, 55, 2024, 'A', 18, 100.00),
(501, 55, 2024, 'B', 20, 90.00),
(502, 55, 2025, 'A', 19, 94.74),
(503, 55, 2025, 'B', 21, 85.71),
(504, 56, 2021, 'A', 10, 100.00),
(505, 56, 2021, 'B', 12, 91.67),
(506, 56, 2022, 'A', 11, 90.91),
(507, 56, 2022, 'B', 9, 100.00),
(508, 56, 2023, 'A', 13, 84.62),
(509, 56, 2024, 'A', 10, 90.00),
(510, 56, 2024, 'B', 12, 91.67),
(511, 56, 2025, 'A', 11, 90.91),
(512, 56, 2025, 'B', 9, 100.00),
(513, 57, 2021, 'A', 15, 100.00),
(514, 57, 2021, 'B', 17, 94.12),
(515, 57, 2022, 'A', 16, 93.75),
(516, 57, 2022, 'B', 14, 100.00),
(517, 57, 2023, 'A', 18, 88.89),
(518, 57, 2024, 'A', 15, 100.00),
(519, 57, 2024, 'B', 17, 94.12),
(520, 57, 2025, 'A', 16, 93.75),
(521, 57, 2025, 'B', 14, 100.00),
(522, 58, 2021, 'A', 18, 100.00),
(523, 58, 2021, 'B', 20, 90.00),
(524, 58, 2022, 'A', 19, 94.74),
(525, 58, 2022, 'B', 17, 100.00),
(526, 58, 2023, 'A', 21, 85.71),
(527, 58, 2024, 'A', 18, 100.00),
(528, 58, 2024, 'B', 20, 90.00),
(529, 58, 2025, 'A', 19, 94.74),
(530, 58, 2025, 'B', 21, 85.71),
(531, 59, 2021, 'A', 12, 100.00),
(532, 59, 2021, 'B', 14, 92.86),
(533, 59, 2022, 'A', 15, 93.33),
(534, 59, 2022, 'B', 13, 92.31),
(535, 59, 2023, 'A', 11, 90.91),
(536, 59, 2024, 'A', 14, 92.86),
(537, 59, 2024, 'B', 12, 91.67),
(538, 59, 2025, 'A', 13, 92.31),
(539, 59, 2025, 'B', 15, 93.33),
(540, 60, 2021, 'A', 15, 100.00),
(541, 60, 2021, 'B', 17, 94.12),
(542, 60, 2022, 'A', 16, 93.75),
(543, 60, 2022, 'B', 14, 100.00),
(544, 60, 2023, 'A', 18, 88.89),
(545, 60, 2024, 'A', 15, 100.00),
(546, 60, 2024, 'B', 17, 94.12),
(547, 60, 2025, 'A', 16, 93.75),
(548, 60, 2025, 'B', 14, 100.00),
(549, 61, 2021, 'A', 18, 100.00),
(550, 61, 2021, 'B', 20, 90.00),
(551, 61, 2022, 'A', 19, 94.74),
(552, 61, 2022, 'B', 17, 100.00),
(553, 61, 2023, 'A', 21, 85.71),
(554, 61, 2024, 'A', 18, 100.00),
(555, 61, 2024, 'B', 20, 90.00),
(556, 61, 2025, 'A', 19, 94.74),
(557, 61, 2025, 'B', 21, 85.71),
(558, 62, 2021, 'A', 10, 100.00),
(559, 62, 2021, 'B', 12, 91.67),
(560, 62, 2022, 'A', 11, 90.91),
(561, 62, 2022, 'B', 9, 100.00),
(562, 62, 2023, 'A', 13, 84.62),
(563, 62, 2024, 'A', 10, 90.00),
(564, 62, 2024, 'B', 12, 91.67),
(565, 62, 2025, 'A', 11, 90.91),
(566, 62, 2025, 'B', 9, 100.00),
(567, 63, 2021, 'A', 15, 100.00),
(568, 63, 2021, 'B', 17, 94.12),
(569, 63, 2022, 'A', 16, 93.75),
(570, 63, 2022, 'B', 14, 100.00),
(571, 63, 2023, 'A', 18, 88.89),
(572, 63, 2024, 'A', 15, 100.00),
(573, 63, 2024, 'B', 17, 94.12),
(574, 63, 2025, 'A', 16, 93.75),
(575, 63, 2025, 'B', 14, 100.00),
(576, 64, 2021, 'A', 18, 100.00),
(577, 64, 2021, 'B', 20, 90.00),
(578, 64, 2022, 'A', 19, 94.74),
(579, 64, 2022, 'B', 17, 100.00),
(580, 64, 2023, 'A', 21, 85.71),
(581, 64, 2024, 'A', 18, 100.00),
(582, 64, 2024, 'B', 20, 90.00),
(583, 64, 2025, 'A', 19, 94.74),
(584, 64, 2025, 'B', 21, 85.71),
(585, 65, 2021, 'A', 12, 100.00),
(586, 65, 2021, 'B', 14, 92.86),
(587, 65, 2022, 'A', 15, 93.33),
(588, 65, 2022, 'B', 13, 92.31),
(589, 65, 2023, 'A', 11, 90.91),
(590, 65, 2024, 'A', 14, 92.86),
(591, 65, 2024, 'B', 12, 91.67),
(592, 65, 2025, 'A', 13, 92.31),
(593, 65, 2025, 'B', 15, 93.33),
(594, 66, 2021, 'A', 48, 85.42),
(595, 66, 2021, 'B', 50, 84.00),
(596, 66, 2022, 'A', 52, 82.69),
(597, 66, 2022, 'B', 49, 85.71),
(599, 66, 2024, 'A', 56, 80.36),
(600, 66, 2024, 'B', 52, 82.69),
(601, 66, 2025, 'A', 50, 84.00),
(602, 66, 2025, 'B', 55, 81.82),
(603, 67, 2021, 'A', 15, 100.00),
(604, 67, 2021, 'B', 17, 94.12),
(605, 67, 2022, 'A', 16, 93.75),
(606, 67, 2022, 'B', 14, 100.00),
(607, 67, 2023, 'A', 18, 88.89),
(608, 67, 2024, 'A', 15, 100.00),
(609, 67, 2024, 'B', 17, 94.12),
(610, 67, 2025, 'A', 16, 93.75),
(611, 67, 2025, 'B', 14, 100.00),
(612, 68, 2021, 'A', 10, 100.00),
(613, 68, 2021, 'B', 12, 91.67),
(614, 68, 2022, 'A', 11, 90.91),
(615, 68, 2022, 'B', 9, 100.00),
(616, 68, 2023, 'A', 13, 84.62),
(617, 68, 2024, 'A', 10, 90.00),
(618, 68, 2024, 'B', 12, 91.67),
(619, 68, 2025, 'A', 11, 90.91),
(620, 68, 2025, 'B', 9, 100.00),
(621, 69, 2021, 'A', 15, 100.00),
(622, 69, 2021, 'B', 17, 94.12),
(623, 69, 2022, 'A', 16, 93.75),
(624, 69, 2022, 'B', 14, 100.00),
(625, 69, 2023, 'A', 18, 88.89),
(626, 69, 2024, 'A', 15, 100.00),
(627, 69, 2024, 'B', 17, 94.12),
(628, 69, 2025, 'A', 16, 93.75),
(629, 69, 2025, 'B', 14, 100.00),
(630, 70, 2021, 'A', 18, 100.00),
(631, 70, 2021, 'B', 20, 90.00),
(632, 70, 2022, 'A', 19, 94.74),
(633, 70, 2022, 'B', 17, 100.00),
(634, 70, 2023, 'A', 21, 85.71),
(635, 70, 2024, 'A', 18, 100.00),
(636, 70, 2024, 'B', 20, 90.00),
(637, 70, 2025, 'A', 19, 94.74),
(638, 70, 2025, 'B', 21, 85.71),
(639, 71, 2021, 'A', 85, 68.24),
(640, 71, 2021, 'B', 88, 65.91),
(641, 71, 2022, 'A', 92, 66.30),
(642, 71, 2022, 'B', 89, 67.42),
(643, 71, 2023, 'A', 90, 66.67),
(644, 71, 2024, 'A', 95, 69.47),
(645, 71, 2024, 'B', 93, 70.97),
(646, 71, 2025, 'A', 90, 71.11),
(647, 71, 2025, 'B', 94, 68.09),
(648, 72, 2021, 'A', 45, 82.22),
(649, 72, 2021, 'B', 42, 85.71),
(650, 72, 2022, 'A', 48, 81.25),
(651, 72, 2022, 'B', 46, 82.61),
(652, 72, 2023, 'A', 44, 84.09),
(653, 72, 2024, 'A', 50, 80.00),
(654, 72, 2024, 'B', 47, 82.98),
(655, 72, 2025, 'A', 43, 83.72),
(656, 72, 2025, 'B', 49, 81.63),
(657, 73, 2021, 'A', 30, 90.00),
(658, 73, 2021, 'B', 32, 87.50),
(659, 73, 2022, 'A', 35, 85.71),
(660, 73, 2022, 'B', 33, 87.88),
(661, 73, 2023, 'A', 31, 87.10),
(662, 73, 2024, 'A', 38, 84.21),
(663, 73, 2024, 'B', 36, 86.11),
(664, 73, 2025, 'A', 32, 87.50),
(665, 73, 2025, 'B', 37, 86.49),
(666, 74, 2021, 'A', 18, 100.00),
(667, 74, 2021, 'B', 20, 90.00),
(668, 74, 2022, 'A', 19, 94.74),
(669, 74, 2022, 'B', 17, 100.00),
(670, 74, 2023, 'A', 21, 85.71),
(671, 74, 2024, 'A', 18, 100.00),
(672, 74, 2024, 'B', 20, 90.00),
(673, 74, 2025, 'A', 19, 94.74),
(674, 74, 2025, 'B', 21, 85.71),
(675, 75, 2021, 'A', 12, 100.00),
(676, 75, 2021, 'B', 14, 92.86),
(677, 75, 2022, 'A', 15, 93.33),
(678, 75, 2022, 'B', 13, 92.31),
(679, 75, 2023, 'A', 11, 90.91),
(680, 75, 2024, 'A', 14, 92.86),
(681, 75, 2024, 'B', 12, 91.67),
(682, 75, 2025, 'A', 13, 92.31),
(683, 75, 2025, 'B', 15, 93.33),
(684, 76, 2021, 'A', 8, 100.00),
(685, 76, 2021, 'B', 10, 90.00),
(686, 76, 2022, 'A', 9, 88.89),
(687, 76, 2022, 'B', 7, 100.00),
(688, 76, 2023, 'A', 11, 81.82),
(689, 76, 2024, 'A', 8, 100.00),
(690, 76, 2024, 'B', 10, 90.00),
(691, 76, 2025, 'A', 9, 88.89),
(692, 76, 2025, 'B', 7, 100.00),
(693, 77, 2021, 'A', 40, 85.00),
(694, 77, 2021, 'B', 42, 83.33),
(695, 77, 2022, 'A', 45, 82.22),
(696, 77, 2022, 'B', 43, 83.72),
(697, 77, 2023, 'A', 38, 86.84),
(698, 77, 2024, 'A', 44, 84.09),
(699, 77, 2024, 'B', 42, 85.71),
(700, 77, 2025, 'A', 40, 85.00),
(701, 77, 2025, 'B', 45, 82.22),
(702, 78, 2021, 'A', 45, 82.22),
(703, 78, 2021, 'B', 47, 80.85),
(704, 78, 2022, 'A', 50, 78.00),
(705, 78, 2022, 'B', 48, 81.25),
(706, 78, 2023, 'A', 42, 85.71),
(707, 78, 2024, 'A', 49, 81.63),
(708, 78, 2024, 'B', 47, 80.85),
(709, 78, 2025, 'A', 45, 82.22),
(710, 78, 2025, 'B', 48, 81.25),
(711, 79, 2021, 'A', 25, 92.00),
(712, 79, 2021, 'B', 27, 88.89),
(713, 79, 2022, 'A', 26, 92.31),
(714, 79, 2022, 'B', 24, 95.83),
(715, 79, 2023, 'A', 28, 89.29),
(716, 79, 2024, 'A', 25, 92.00),
(717, 79, 2024, 'B', 27, 88.89),
(718, 79, 2025, 'A', 26, 92.31),
(719, 79, 2025, 'B', 28, 89.29),
(720, 80, 2021, 'A', 22, 95.45),
(721, 80, 2021, 'B', 20, 100.00),
(722, 80, 2022, 'A', 24, 91.67),
(723, 80, 2022, 'B', 21, 95.24),
(724, 80, 2023, 'A', 24, 95.83),
(725, 80, 2024, 'A', 23, 95.65),
(726, 80, 2024, 'B', 25, 92.00),
(727, 80, 2025, 'A', 22, 95.45),
(728, 80, 2025, 'B', 24, 91.67),
(729, 81, 2021, 'A', 30, 90.00),
(730, 81, 2021, 'B', 32, 87.50),
(731, 81, 2022, 'A', 35, 85.71),
(732, 81, 2022, 'B', 33, 87.88),
(733, 81, 2023, 'A', 31, 87.10),
(734, 81, 2024, 'A', 38, 84.21),
(735, 81, 2024, 'B', 36, 86.11),
(736, 81, 2025, 'A', 32, 87.50),
(737, 81, 2025, 'B', 37, 86.49),
(738, 82, 2021, 'A', 85, 68.24),
(739, 82, 2021, 'B', 88, 65.91),
(740, 82, 2022, 'A', 92, 66.30),
(741, 82, 2022, 'B', 89, 67.42),
(742, 82, 2023, 'A', 90, 66.67),
(743, 82, 2024, 'A', 95, 69.47),
(744, 82, 2024, 'B', 93, 70.97),
(745, 82, 2025, 'A', 90, 71.11),
(746, 82, 2025, 'B', 94, 68.09),
(747, 83, 2021, 'A', 90, 66.67),
(748, 83, 2021, 'B', 92, 65.22),
(749, 83, 2022, 'A', 95, 64.21),
(750, 83, 2022, 'B', 93, 65.59),
(751, 83, 2023, 'A', 91, 66.67),
(752, 83, 2024, 'A', 97, 62.89),
(753, 83, 2024, 'B', 94, 64.89),
(754, 83, 2025, 'A', 92, 65.22),
(755, 83, 2025, 'B', 96, 63.54);

-- ============================================================================
-- Occurrence_Staff Data (Junction table - staff assignments)
-- ============================================================================
INSERT INTO `Occurrence_Staff` (`occurrence_id`, `staff_id`, `role`) VALUES
(6, 7, 'Lecturer'),
(18, 37, 'Tutor'),
(19, 37, 'Tutor'),
(27, 3, 'Lecturer'),
(28, 3, 'Lecturer'),
(29, 8, 'Lecturer'),
(29, 9, 'Lecturer'),
(33, 15, 'Lecturer'),
(352, 7, 'Lecturer'),
(352, 37, 'Tutor'),
(353, 7, 'Lecturer'),
(353, 37, 'Tutor'),
(354, 7, 'Lecturer'),
(354, 37, 'Tutor'),
(355, 7, 'Lecturer'),
(355, 37, 'Tutor'),
(357, 7, 'Lecturer'),
(357, 37, 'Tutor'),
(358, 7, 'Lecturer'),
(358, 37, 'Tutor'),
(359, 7, 'Lecturer'),
(359, 37, 'Tutor'),
(360, 7, 'Lecturer'),
(360, 37, 'Tutor'),
(361, 3, 'Lecturer'),
(362, 3, 'Lecturer'),
(363, 3, 'Lecturer'),
(364, 3, 'Lecturer'),
(366, 3, 'Lecturer'),
(367, 3, 'Lecturer'),
(368, 3, 'Lecturer'),
(369, 3, 'Lecturer'),
(370, 25, 'Lecturer'),
(370, 33, 'Tutor'),
(371, 25, 'Lecturer'),
(371, 33, 'Tutor'),
(372, 25, 'Lecturer'),
(372, 33, 'Tutor'),
(373, 25, 'Lecturer'),
(373, 33, 'Tutor'),
(374, 25, 'Lecturer'),
(374, 33, 'Tutor'),
(375, 25, 'Lecturer'),
(375, 33, 'Tutor'),
(376, 25, 'Lecturer'),
(376, 33, 'Tutor'),
(377, 25, 'Lecturer'),
(377, 33, 'Tutor'),
(378, 25, 'Lecturer'),
(378, 33, 'Tutor'),
(379, 15, 'Lecturer'),
(379, 31, 'Tutor'),
(380, 15, 'Lecturer'),
(380, 31, 'Tutor'),
(382, 15, 'Lecturer'),
(382, 31, 'Tutor'),
(383, 15, 'Lecturer'),
(383, 31, 'Tutor'),
(384, 20, 'Lecturer'),
(384, 32, 'Tutor'),
(385, 20, 'Lecturer'),
(385, 32, 'Tutor'),
(387, 20, 'Lecturer'),
(387, 32, 'Tutor'),
(388, 20, 'Lecturer'),
(388, 32, 'Tutor'),
(389, 7, 'Lecturer'),
(389, 37, 'Tutor'),
(390, 7, 'Lecturer'),
(390, 37, 'Tutor'),
(391, 7, 'Lecturer'),
(391, 37, 'Tutor'),
(392, 7, 'Lecturer'),
(392, 37, 'Tutor'),
(394, 7, 'Lecturer'),
(394, 37, 'Tutor'),
(395, 7, 'Lecturer'),
(395, 37, 'Tutor'),
(396, 7, 'Lecturer'),
(396, 37, 'Tutor'),
(397, 7, 'Lecturer'),
(397, 37, 'Tutor'),
(398, 8, 'Lecturer'),
(398, 9, 'Lecturer'),
(399, 8, 'Lecturer'),
(399, 9, 'Lecturer'),
(400, 8, 'Lecturer'),
(400, 9, 'Lecturer'),
(401, 8, 'Lecturer'),
(401, 9, 'Lecturer'),
(403, 8, 'Lecturer'),
(403, 9, 'Lecturer'),
(404, 8, 'Lecturer'),
(404, 9, 'Lecturer'),
(405, 8, 'Lecturer'),
(405, 9, 'Lecturer'),
(406, 8, 'Lecturer'),
(406, 9, 'Lecturer'),
(407, 2, 'Lecturer'),
(407, 35, 'Tutor'),
(408, 2, 'Lecturer'),
(408, 35, 'Tutor'),
(409, 2, 'Lecturer'),
(409, 35, 'Tutor'),
(410, 2, 'Lecturer'),
(410, 35, 'Tutor'),
(411, 2, 'Lecturer'),
(411, 35, 'Tutor'),
(412, 2, 'Lecturer'),
(412, 35, 'Tutor'),
(413, 2, 'Lecturer'),
(413, 35, 'Tutor'),
(414, 2, 'Lecturer'),
(414, 35, 'Tutor'),
(415, 2, 'Lecturer'),
(415, 35, 'Tutor'),
(416, 5, 'Lecturer'),
(416, 30, 'Tutor'),
(417, 5, 'Lecturer'),
(417, 30, 'Tutor'),
(418, 5, 'Lecturer'),
(418, 30, 'Tutor'),
(419, 5, 'Lecturer'),
(419, 30, 'Tutor'),
(420, 5, 'Lecturer'),
(420, 30, 'Tutor'),
(421, 5, 'Lecturer'),
(421, 30, 'Tutor'),
(422, 5, 'Lecturer'),
(422, 30, 'Tutor'),
(423, 5, 'Lecturer'),
(423, 30, 'Tutor'),
(424, 5, 'Lecturer'),
(424, 30, 'Tutor'),
(425, 28, 'Lecturer'),
(425, 33, 'Tutor'),
(426, 28, 'Lecturer'),
(426, 33, 'Tutor'),
(428, 28, 'Lecturer'),
(428, 33, 'Tutor'),
(429, 28, 'Lecturer'),
(429, 33, 'Tutor'),
(430, 11, 'Lecturer'),
(430, 34, 'Tutor'),
(431, 11, 'Lecturer'),
(431, 34, 'Tutor'),
(432, 11, 'Lecturer'),
(432, 34, 'Tutor'),
(433, 11, 'Lecturer'),
(433, 34, 'Tutor'),
(434, 11, 'Lecturer'),
(434, 34, 'Tutor'),
(435, 11, 'Lecturer'),
(435, 34, 'Tutor'),
(436, 11, 'Lecturer'),
(436, 34, 'Tutor'),
(437, 11, 'Lecturer'),
(437, 34, 'Tutor'),
(438, 11, 'Lecturer'),
(438, 34, 'Tutor'),
(439, 13, 'Lecturer'),
(439, 31, 'Tutor'),
(440, 13, 'Lecturer'),
(440, 31, 'Tutor'),
(442, 13, 'Lecturer'),
(442, 31, 'Tutor'),
(443, 13, 'Lecturer'),
(443, 31, 'Tutor'),
(444, 22, 'Lecturer'),
(444, 27, 'Tutor'),
(445, 22, 'Lecturer'),
(445, 27, 'Tutor'),
(446, 22, 'Lecturer'),
(446, 27, 'Tutor'),
(447, 22, 'Lecturer'),
(447, 27, 'Tutor'),
(448, 22, 'Lecturer'),
(448, 27, 'Tutor'),
(449, 22, 'Lecturer'),
(449, 27, 'Tutor'),
(450, 22, 'Lecturer'),
(450, 27, 'Tutor'),
(451, 22, 'Lecturer'),
(451, 27, 'Tutor'),
(452, 22, 'Lecturer'),
(452, 27, 'Tutor'),
(453, 26, 'Lecturer'),
(453, 32, 'Tutor'),
(454, 26, 'Lecturer'),
(454, 32, 'Tutor'),
(455, 26, 'Lecturer'),
(455, 32, 'Tutor'),
(456, 26, 'Lecturer'),
(456, 32, 'Tutor'),
(457, 26, 'Lecturer'),
(457, 32, 'Tutor'),
(458, 26, 'Lecturer'),
(458, 32, 'Tutor'),
(459, 26, 'Lecturer'),
(459, 32, 'Tutor'),
(460, 26, 'Lecturer'),
(460, 32, 'Tutor'),
(461, 26, 'Lecturer'),
(461, 32, 'Tutor'),
(462, 14, 'Lecturer'),
(462, 29, 'Tutor'),
(463, 14, 'Lecturer'),
(463, 29, 'Tutor'),
(464, 14, 'Lecturer'),
(464, 29, 'Tutor'),
(465, 14, 'Lecturer'),
(465, 29, 'Tutor'),
(466, 14, 'Lecturer'),
(466, 29, 'Tutor'),
(467, 14, 'Lecturer'),
(467, 29, 'Tutor'),
(468, 14, 'Lecturer'),
(468, 29, 'Tutor'),
(469, 14, 'Lecturer'),
(469, 29, 'Tutor'),
(470, 14, 'Lecturer'),
(470, 29, 'Tutor'),
(471, 3, 'Lecturer'),
(471, 33, 'Tutor'),
(472, 3, 'Lecturer'),
(472, 33, 'Tutor'),
(473, 3, 'Lecturer'),
(473, 33, 'Tutor'),
(474, 3, 'Lecturer'),
(474, 33, 'Tutor'),
(476, 3, 'Lecturer'),
(476, 33, 'Tutor'),
(477, 3, 'Lecturer'),
(477, 33, 'Tutor'),
(478, 3, 'Lecturer'),
(478, 33, 'Tutor'),
(479, 3, 'Lecturer'),
(479, 33, 'Tutor'),
(480, 3, 'Lecturer'),
(480, 33, 'Tutor'),
(481, 3, 'Lecturer'),
(481, 33, 'Tutor'),
(482, 3, 'Lecturer'),
(482, 33, 'Tutor'),
(483, 3, 'Lecturer'),
(483, 33, 'Tutor'),
(485, 3, 'Lecturer'),
(485, 33, 'Tutor'),
(486, 3, 'Lecturer'),
(486, 33, 'Tutor'),
(487, 3, 'Lecturer'),
(487, 33, 'Tutor'),
(488, 3, 'Lecturer'),
(488, 33, 'Tutor'),
(489, 37, 'Tutor'),
(490, 37, 'Tutor'),
(492, 37, 'Tutor'),
(493, 37, 'Tutor'),
(494, 37, 'Tutor'),
(495, 37, 'Tutor'),
(497, 37, 'Tutor'),
(498, 37, 'Tutor'),
(499, 18, 'Lecturer'),
(499, 31, 'Tutor'),
(500, 18, 'Lecturer'),
(500, 31, 'Tutor'),
(501, 18, 'Lecturer'),
(501, 31, 'Tutor'),
(502, 18, 'Lecturer'),
(502, 31, 'Tutor'),
(503, 18, 'Lecturer'),
(503, 31, 'Tutor'),
(504, 18, 'Lecturer'),
(504, 31, 'Tutor'),
(505, 18, 'Lecturer'),
(505, 31, 'Tutor'),
(506, 18, 'Lecturer'),
(506, 31, 'Tutor'),
(507, 18, 'Lecturer'),
(507, 31, 'Tutor'),
(508, 29, 'Lecturer'),
(508, 32, 'Tutor'),
(509, 29, 'Lecturer'),
(509, 32, 'Tutor'),
(510, 29, 'Lecturer'),
(510, 32, 'Tutor'),
(511, 29, 'Lecturer'),
(511, 32, 'Tutor'),
(512, 29, 'Lecturer'),
(512, 32, 'Tutor'),
(513, 29, 'Lecturer'),
(513, 32, 'Tutor'),
(514, 29, 'Lecturer'),
(514, 32, 'Tutor'),
(515, 29, 'Lecturer'),
(515, 32, 'Tutor'),
(516, 29, 'Lecturer'),
(516, 32, 'Tutor'),
(517, 10, 'Lecturer'),
(517, 27, 'Tutor'),
(518, 10, 'Lecturer'),
(518, 27, 'Tutor'),
(519, 10, 'Lecturer'),
(519, 27, 'Tutor'),
(520, 10, 'Lecturer'),
(520, 27, 'Tutor'),
(521, 10, 'Lecturer'),
(521, 27, 'Tutor'),
(522, 10, 'Lecturer'),
(522, 27, 'Tutor'),
(523, 10, 'Lecturer'),
(523, 27, 'Tutor'),
(524, 10, 'Lecturer'),
(524, 27, 'Tutor'),
(525, 10, 'Lecturer'),
(525, 27, 'Tutor'),
(526, 4, 'Lecturer'),
(526, 30, 'Tutor'),
(527, 4, 'Lecturer'),
(527, 30, 'Tutor'),
(528, 4, 'Lecturer'),
(528, 30, 'Tutor'),
(529, 4, 'Lecturer'),
(529, 30, 'Tutor'),
(530, 4, 'Lecturer'),
(530, 30, 'Tutor'),
(531, 4, 'Lecturer'),
(531, 30, 'Tutor'),
(532, 4, 'Lecturer'),
(532, 30, 'Tutor'),
(533, 4, 'Lecturer'),
(533, 30, 'Tutor'),
(534, 4, 'Lecturer'),
(534, 30, 'Tutor'),
(535, 22, 'Lecturer'),
(535, 27, 'Tutor'),
(536, 22, 'Lecturer'),
(536, 27, 'Tutor'),
(537, 22, 'Lecturer'),
(537, 27, 'Tutor'),
(538, 22, 'Lecturer'),
(538, 27, 'Tutor'),
(539, 22, 'Lecturer'),
(539, 27, 'Tutor'),
(540, 22, 'Lecturer'),
(540, 27, 'Tutor'),
(541, 22, 'Lecturer'),
(541, 27, 'Tutor'),
(542, 22, 'Lecturer'),
(542, 27, 'Tutor'),
(543, 22, 'Lecturer'),
(543, 27, 'Tutor'),
(544, 26, 'Lecturer'),
(544, 32, 'Tutor'),
(545, 26, 'Lecturer'),
(545, 32, 'Tutor'),
(546, 26, 'Lecturer'),
(546, 32, 'Tutor'),
(547, 26, 'Lecturer'),
(547, 32, 'Tutor'),
(548, 26, 'Lecturer'),
(548, 32, 'Tutor'),
(549, 26, 'Lecturer'),
(549, 32, 'Tutor'),
(550, 26, 'Lecturer'),
(550, 32, 'Tutor'),
(551, 26, 'Lecturer'),
(551, 32, 'Tutor'),
(552, 26, 'Lecturer'),
(552, 32, 'Tutor'),
(553, 28, 'Lecturer'),
(553, 33, 'Tutor'),
(554, 28, 'Lecturer'),
(554, 33, 'Tutor'),
(555, 28, 'Lecturer'),
(555, 33, 'Tutor'),
(556, 28, 'Lecturer'),
(556, 33, 'Tutor'),
(557, 28, 'Lecturer'),
(557, 33, 'Tutor'),
(558, 28, 'Lecturer'),
(558, 33, 'Tutor'),
(559, 28, 'Lecturer'),
(559, 33, 'Tutor'),
(560, 28, 'Lecturer'),
(560, 33, 'Tutor'),
(561, 28, 'Lecturer'),
(561, 33, 'Tutor'),
(562, 2, 'Lecturer'),
(562, 35, 'Tutor'),
(563, 2, 'Lecturer'),
(563, 35, 'Tutor'),
(564, 2, 'Lecturer'),
(564, 35, 'Tutor'),
(565, 2, 'Lecturer'),
(565, 35, 'Tutor'),
(566, 2, 'Lecturer'),
(566, 35, 'Tutor'),
(567, 2, 'Lecturer'),
(567, 35, 'Tutor'),
(568, 2, 'Lecturer'),
(568, 35, 'Tutor'),
(569, 2, 'Lecturer'),
(569, 35, 'Tutor'),
(570, 2, 'Lecturer'),
(570, 35, 'Tutor'),
(571, 29, 'Lecturer'),
(571, 32, 'Tutor'),
(572, 29, 'Lecturer'),
(572, 32, 'Tutor'),
(573, 29, 'Lecturer'),
(573, 32, 'Tutor'),
(574, 29, 'Lecturer'),
(574, 32, 'Tutor'),
(575, 29, 'Lecturer'),
(575, 32, 'Tutor'),
(576, 29, 'Lecturer'),
(576, 32, 'Tutor'),
(577, 29, 'Lecturer'),
(577, 32, 'Tutor'),
(578, 29, 'Lecturer'),
(578, 32, 'Tutor'),
(579, 29, 'Lecturer'),
(579, 32, 'Tutor'),
(580, 14, 'Lecturer'),
(580, 29, 'Tutor'),
(581, 14, 'Lecturer'),
(581, 29, 'Tutor'),
(582, 14, 'Lecturer'),
(582, 29, 'Tutor'),
(583, 14, 'Lecturer'),
(583, 29, 'Tutor'),
(584, 14, 'Lecturer'),
(584, 29, 'Tutor'),
(585, 14, 'Lecturer'),
(585, 29, 'Tutor'),
(586, 14, 'Lecturer'),
(586, 29, 'Tutor'),
(587, 14, 'Lecturer'),
(587, 29, 'Tutor'),
(588, 14, 'Lecturer'),
(588, 29, 'Tutor'),
(589, 22, 'Lecturer'),
(589, 27, 'Tutor'),
(590, 22, 'Lecturer'),
(590, 27, 'Tutor'),
(591, 22, 'Lecturer'),
(591, 27, 'Tutor'),
(592, 22, 'Lecturer'),
(592, 27, 'Tutor'),
(593, 22, 'Lecturer'),
(593, 27, 'Tutor'),
(594, 22, 'Lecturer'),
(594, 27, 'Tutor'),
(595, 22, 'Lecturer'),
(595, 27, 'Tutor'),
(596, 22, 'Lecturer'),
(596, 27, 'Tutor'),
(597, 22, 'Lecturer'),
(597, 27, 'Tutor'),
(599, 26, 'Lecturer'),
(599, 32, 'Tutor'),
(600, 26, 'Lecturer'),
(600, 32, 'Tutor'),
(601, 26, 'Lecturer'),
(601, 32, 'Tutor'),
(602, 26, 'Lecturer'),
(602, 32, 'Tutor'),
(603, 26, 'Lecturer'),
(603, 32, 'Tutor'),
(604, 26, 'Lecturer'),
(604, 32, 'Tutor'),
(605, 26, 'Lecturer'),
(605, 32, 'Tutor'),
(606, 26, 'Lecturer'),
(606, 32, 'Tutor'),
(607, 18, 'Lecturer'),
(607, 31, 'Tutor'),
(608, 18, 'Lecturer'),
(608, 31, 'Tutor'),
(609, 18, 'Lecturer'),
(609, 31, 'Tutor'),
(610, 18, 'Lecturer'),
(610, 31, 'Tutor'),
(611, 18, 'Lecturer'),
(611, 31, 'Tutor'),
(612, 18, 'Lecturer'),
(612, 31, 'Tutor'),
(613, 18, 'Lecturer'),
(613, 31, 'Tutor'),
(614, 18, 'Lecturer'),
(614, 31, 'Tutor'),
(615, 18, 'Lecturer'),
(615, 31, 'Tutor'),
(616, 29, 'Lecturer'),
(616, 32, 'Tutor'),
(617, 29, 'Lecturer'),
(617, 32, 'Tutor'),
(618, 29, 'Lecturer'),
(618, 32, 'Tutor'),
(619, 29, 'Lecturer'),
(619, 32, 'Tutor'),
(620, 29, 'Lecturer'),
(620, 32, 'Tutor'),
(621, 29, 'Lecturer'),
(621, 32, 'Tutor'),
(622, 29, 'Lecturer'),
(622, 32, 'Tutor'),
(623, 29, 'Lecturer'),
(623, 32, 'Tutor'),
(624, 29, 'Lecturer'),
(624, 32, 'Tutor'),
(625, 2, 'Lecturer'),
(625, 35, 'Tutor'),
(626, 2, 'Lecturer'),
(626, 35, 'Tutor'),
(627, 2, 'Lecturer'),
(627, 35, 'Tutor'),
(628, 2, 'Lecturer'),
(628, 35, 'Tutor'),
(629, 2, 'Lecturer'),
(629, 35, 'Tutor'),
(630, 2, 'Lecturer'),
(630, 35, 'Tutor'),
(631, 2, 'Lecturer'),
(631, 35, 'Tutor'),
(632, 2, 'Lecturer'),
(632, 35, 'Tutor'),
(633, 2, 'Lecturer'),
(633, 35, 'Tutor'),
(634, 28, 'Lecturer'),
(634, 33, 'Tutor'),
(635, 28, 'Lecturer'),
(635, 33, 'Tutor'),
(636, 28, 'Lecturer'),
(636, 33, 'Tutor'),
(637, 28, 'Lecturer'),
(637, 33, 'Tutor'),
(638, 28, 'Lecturer'),
(638, 33, 'Tutor'),
(639, 28, 'Lecturer'),
(639, 33, 'Tutor'),
(640, 28, 'Lecturer'),
(640, 33, 'Tutor'),
(641, 28, 'Lecturer'),
(641, 33, 'Tutor'),
(642, 28, 'Lecturer'),
(642, 33, 'Tutor'),
(643, 25, 'Lecturer'),
(643, 33, 'Tutor'),
(644, 25, 'Lecturer'),
(644, 33, 'Tutor'),
(645, 25, 'Lecturer'),
(645, 33, 'Tutor'),
(646, 25, 'Lecturer'),
(646, 33, 'Tutor'),
(648, 25, 'Lecturer'),
(648, 33, 'Tutor'),
(649, 25, 'Lecturer'),
(649, 33, 'Tutor'),
(650, 25, 'Lecturer'),
(650, 33, 'Tutor'),
(651, 25, 'Lecturer'),
(651, 33, 'Tutor'),
(652, 20, 'Lecturer'),
(652, 32, 'Tutor'),
(653, 20, 'Lecturer'),
(653, 32, 'Tutor'),
(654, 20, 'Lecturer'),
(654, 32, 'Tutor'),
(655, 20, 'Lecturer'),
(655, 32, 'Tutor'),
(656, 20, 'Lecturer'),
(656, 32, 'Tutor'),
(657, 20, 'Lecturer'),
(657, 32, 'Tutor'),
(658, 20, 'Lecturer'),
(658, 32, 'Tutor'),
(659, 20, 'Lecturer'),
(659, 32, 'Tutor'),
(660, 20, 'Lecturer'),
(660, 32, 'Tutor'),
(661, 18, 'Lecturer'),
(661, 31, 'Tutor'),
(662, 18, 'Lecturer'),
(662, 31, 'Tutor'),
(663, 18, 'Lecturer'),
(663, 31, 'Tutor'),
(664, 18, 'Lecturer'),
(664, 31, 'Tutor'),
(665, 18, 'Lecturer'),
(665, 31, 'Tutor'),
(666, 18, 'Lecturer'),
(666, 31, 'Tutor'),
(667, 18, 'Lecturer'),
(667, 31, 'Tutor'),
(668, 18, 'Lecturer'),
(668, 31, 'Tutor'),
(669, 18, 'Lecturer'),
(669, 31, 'Tutor'),
(670, 29, 'Lecturer'),
(670, 32, 'Tutor'),
(671, 29, 'Lecturer'),
(671, 32, 'Tutor'),
(672, 29, 'Lecturer'),
(672, 32, 'Tutor'),
(673, 29, 'Lecturer'),
(673, 32, 'Tutor'),
(674, 29, 'Lecturer'),
(674, 32, 'Tutor'),
(675, 29, 'Lecturer'),
(675, 32, 'Tutor'),
(676, 29, 'Lecturer'),
(676, 32, 'Tutor'),
(677, 29, 'Lecturer'),
(677, 32, 'Tutor'),
(678, 29, 'Lecturer'),
(678, 32, 'Tutor'),
(679, 2, 'Lecturer'),
(679, 35, 'Tutor'),
(680, 2, 'Lecturer'),
(680, 35, 'Tutor'),
(681, 2, 'Lecturer'),
(681, 35, 'Tutor'),
(682, 2, 'Lecturer'),
(682, 35, 'Tutor'),
(683, 2, 'Lecturer'),
(683, 35, 'Tutor'),
(684, 2, 'Lecturer'),
(684, 35, 'Tutor'),
(685, 2, 'Lecturer'),
(685, 35, 'Tutor'),
(686, 2, 'Lecturer'),
(686, 35, 'Tutor'),
(687, 2, 'Lecturer'),
(687, 35, 'Tutor'),
(688, 28, 'Lecturer'),
(688, 33, 'Tutor'),
(689, 28, 'Lecturer'),
(689, 33, 'Tutor'),
(690, 28, 'Lecturer'),
(690, 33, 'Tutor'),
(691, 28, 'Lecturer'),
(691, 33, 'Tutor'),
(692, 28, 'Lecturer'),
(692, 33, 'Tutor'),
(693, 28, 'Lecturer'),
(693, 33, 'Tutor'),
(694, 28, 'Lecturer'),
(694, 33, 'Tutor'),
(695, 28, 'Lecturer'),
(695, 33, 'Tutor'),
(696, 28, 'Lecturer'),
(696, 33, 'Tutor'),
(697, 25, 'Lecturer'),
(697, 33, 'Tutor'),
(698, 25, 'Lecturer'),
(698, 33, 'Tutor'),
(699, 25, 'Lecturer'),
(699, 33, 'Tutor'),
(700, 25, 'Lecturer'),
(700, 33, 'Tutor'),
(701, 25, 'Lecturer'),
(701, 33, 'Tutor'),
(702, 25, 'Lecturer'),
(702, 33, 'Tutor'),
(703, 25, 'Lecturer'),
(703, 33, 'Tutor'),
(704, 25, 'Lecturer'),
(704, 33, 'Tutor'),
(705, 25, 'Lecturer'),
(705, 33, 'Tutor'),
(706, 20, 'Lecturer'),
(706, 32, 'Tutor'),
(707, 20, 'Lecturer'),
(707, 32, 'Tutor'),
(708, 20, 'Lecturer'),
(708, 32, 'Tutor'),
(709, 20, 'Lecturer'),
(709, 32, 'Tutor'),
(710, 20, 'Lecturer'),
(710, 32, 'Tutor'),
(711, 20, 'Lecturer'),
(711, 32, 'Tutor'),
(712, 20, 'Lecturer'),
(712, 32, 'Tutor'),
(713, 20, 'Lecturer'),
(713, 32, 'Tutor'),
(714, 20, 'Lecturer'),
(714, 32, 'Tutor'),
(715, 18, 'Lecturer'),
(715, 31, 'Tutor'),
(716, 18, 'Lecturer'),
(716, 31, 'Tutor'),
(717, 18, 'Lecturer'),
(717, 31, 'Tutor'),
(718, 18, 'Lecturer'),
(718, 31, 'Tutor'),
(719, 18, 'Lecturer'),
(719, 31, 'Tutor'),
(720, 18, 'Lecturer'),
(720, 31, 'Tutor'),
(721, 18, 'Lecturer'),
(721, 31, 'Tutor'),
(722, 18, 'Lecturer'),
(722, 31, 'Tutor'),
(723, 18, 'Lecturer'),
(723, 31, 'Tutor'),
(724, 29, 'Lecturer'),
(724, 32, 'Tutor'),
(725, 29, 'Lecturer'),
(725, 32, 'Tutor'),
(726, 29, 'Lecturer'),
(726, 32, 'Tutor'),
(727, 29, 'Lecturer'),
(727, 32, 'Tutor'),
(728, 29, 'Lecturer'),
(728, 32, 'Tutor'),
(729, 29, 'Lecturer'),
(729, 32, 'Tutor'),
(730, 29, 'Lecturer'),
(730, 32, 'Tutor'),
(731, 29, 'Lecturer'),
(731, 32, 'Tutor'),
(732, 29, 'Lecturer'),
(732, 32, 'Tutor'),
(733, 2, 'Lecturer'),
(733, 35, 'Tutor'),
(734, 2, 'Lecturer'),
(734, 35, 'Tutor'),
(735, 2, 'Lecturer'),
(735, 35, 'Tutor');

-- ============================================================================
-- Verify data integrity
-- ============================================================================
SELECT 'Data import complete!' AS 'Status';
SELECT COUNT(*) AS 'Total Papers' FROM Paper;
SELECT COUNT(*) AS 'Total Staff' FROM Staff;
SELECT COUNT(*) AS 'Total Occurrences' FROM Occurrence;
SELECT COUNT(*) AS 'Total Staff Assignments' FROM Occurrence_Staff;